{
  "products": [
    { "id": 1, "name": "角煮", "price": 500 },
    { "id": 2, "name": "角煮大盛", "price": 1000 },
    { "id": 3, "name": "オレンジジュース", "price": 100 },
    { "id": 4, "name": "コーラ", "price": 100 },
    { "id": 5, "name": "三ツ矢サイダー", "price": 100 }
  ],
  "tickets": [
      {
      "id": 1, "ticket_number": 101, "status": "COOKING",
      "items": [{ "productId": 1, "product_name": "角煮", "quantity": 1 }],
      "reserve_at": "2025-09-13T20:40:00.000+09:00", "cooking_completed_at": null
    },
    {
      "id": 2, "ticket_number": 102, "status": "COOKING",
      "items": [{ "productId": 2, "product_name": "角煮大盛", "quantity": 1 }],
      "reserve_at": "2025-09-13T20:57:00.000+09:00", "cooking_completed_at": null
    },
    {
      "id": 3, "ticket_number": 103, "status": "COOKING",
      "items": [{ "productId": 1, "product_name": "角煮", "quantity": 1 }, { "productId": 4, "product_name": "コーラ", "quantity": 2 }],
      "reserve_at": "2025-09-13T21:15:00.000+09:00", "cooking_completed_at": null
    },
    {
      "id": 4, "ticket_number": 104, "status": "COOKING",
      "items": [{ "productId": 3, "product_name": "オレンジジュース", "quantity": 1 }],
      "reserve_at": "2025-09-13T20:50:00.000+09:00", "cooking_completed_at": null
    },


    {
      "id": 5, "ticket_number": 105, "status": "READY",
      "items": [{ "productId": 2, "product_name": "角煮大盛", "quantity": 1 }],
      "reserve_at": "2025-09-13T20:30:00.000+09:00", "cooking_completed_at": "2025-09-13T20:50:00.000+09:00"
    },
    {
      "id": 6, "ticket_number": 108, "status": "READY",
      "items": [{ "productId": 1, "product_name": "角煮", "quantity": 1 }],
      "reserve_at": "2025-09-13T20:25:00.000+09:00", "cooking_completed_at": "2025-09-13T20:45:00.000+09:00"
    },
    {
      "id": 7, "ticket_number": 106, "status": "DONE",
      "items": [{ "productId": 4, "product_name": "コーラ", "quantity": 1 }],
      "reserve_at": "2025-09-13T20:20:00.000+09:00", "cooking_completed_at": "2025-09-13T20:18:00.000+09:00"
    },
    {
      "id": 8, "ticket_number": 107, "status": "DONE",
      "items": [{ "productId": 5, "product_name": "三ツ矢サイダー", "quantity": 1 }],
      "reserve_at": "2025-09-13T20:21:00.000+09:00", "cooking_completed_at": "2025-09-13T20:19:00.000+09:00"
    },



      {
      "id": 9, "ticket_number": 109, "status": "CANCEL",
      "items": [{ "productId": 1, "product_name": "角煮", "quantity": 1 }],
      "reserve_at": "2025-09-13T21:00:00.000+09:00", "cooking_completed_at": null
    },
    {
      "id": 10, "ticket_number": 110, "status": "NO_SHOW",
      "items": [{ "productId": 3, "product_name": "オレンジジュース", "quantity": 1 }],
      "reserve_at": "2025-09-13T20:00:00.000+09:00", "cooking_completed_at": null
    }
  ]
}